{
  "total_classification_cost": 10955000.0,
  "total_penalty_cost": 1131538.6800650917,
  "total_cost": 76577538.68006508,
  "total_containers_loaded": 3300,
  "avg_daily_cost": 2552584.622668836,
  "avg_containers_per_day": 110.0
}