{
  "total_classification_cost": 35070000.0,
  "total_penalty_cost": 1135070.6818986584,
  "total_cost": 122977070.68189865,
  "total_containers_loaded": 3300,
  "avg_daily_cost": 4099235.6893966217,
  "avg_containers_per_day": 110.0
}